location,airport,iata_code,country,country_code
Algiers,Houari Boumediene Airport,ALG,Algeria,DZ
Annaba,Rabah Bitat Airport,AAE,Algeria,DZ
Batna City,Batna Airport,BLJ,Algeria,DZ
Bejaia,Soummam Airport,BJA,Algeria,DZ
Chlef,Chlef International Airport,CFK,Algeria,DZ
Constantine,Mohamed Boudiaf International Airport,CZL,Algeria,DZ
Jijel,Jijel Ferhat Abbas Airport,GJL,Algeria,DZ
Oran,Oran Es Senia Airport,ORN,Algeria,DZ
Setif,Ain Arnat Airport,QSF,Algeria,DZ
Tlemcen,Zenata – Messali El Hadj Airport,TLM,Algeria,DZ
Alexandria,Borg El Arab Airport,HBE,Egypt,EG
Alexandria,El Nouzha Airport (OPEN),ALY,Egypt,EG
Assiut,Assiut Airport,ATZ,Egypt,EG
Aswan,Aswan International Airport,ASW,Egypt,EG
Cairo,Cairo International Airport,CAI,Egypt,EG
Cairo,Sphinx International Airport,SPX,Egypt,EG
Arish,El Arish International Airport,AAC,Egypt,EG
El Dabaa,El Alamein International Airport,DBB,Egypt,EG
Hurghada,Hurghada International Airport,HRG,Egypt,EG
Luxor,Luxor International Airport,LXR,Egypt,EG
Marsa Matruh,Mersa Matruh International Airport,MUH,Egypt,EG
Sohag,Sohag International Airport,HMB,Egypt,EG
Benghazi,Benina International Airport,BEN,Libya,LY
Sabha,Sabha Airport,SEB,Libya,LY
Tripoli,Tripoli International Airport,TIP,Libya,LY
Agadir,Agadir–Al Massira Airport,AGA,Morocco,MA
Casablanca,Mohammed V International Airport,CMN,Morocco,MA
Fes,Fès–Saïs Airport,FEZ,Morocco,MA
Marrakesh,Marrakesh Menara Airport,RAK,Morocco,MA
Nador,Nador International Airport,NDR,Morocco,MA
Oujda,Angads Airport,OUD,Morocco,MA
Rabat,Rabat–Salé Airport,RBA,Morocco,MA
Tangier,Tangier Ibn Battouta Airport,TNG,Morocco,MA
Tetouan,Sania Ramel Airport,TTU,Morocco,MA
Dakhla,Dakhla Airport,VIL,Morocco,MA
Khartoum,Khartoum International Airport,KRT,Sudan,SD
Port Sudan,Port Sudan New International Airport,PZU,Sudan,SD
Houmt El Souk,Djerba–Zarzis International Airport,DJE,Tunisia,TN
Monastir,Monastir Habib Bourguiba International Airport,MIR,Tunisia,TN
Sfax,Sfax–Thyna International Airport,SFA,Tunisia,TN
Tozeur,Tozeur–Nefta International Airport,TOE,Tunisia,TN
Tunis,Tunis–Carthage International Airport,TUN,Tunisia,TN
Cotonou,Cadjehoun Airport,COO,Benin,BJ
Bobo-Dioulasso,Bobo Dioulasso Airport,BOY,Burkina Faso,BF
Ouagadougou,Thomas Sankara International Airport Ouagadougou,OUA,Burkina Faso,BF
Accra,Kotoka International Airport,ACC,Ghana,GH
Kumasi,Kumasi International Airport,KMS,Ghana,GH
Takoradi,Takoradi Airport,TKD,Ghana,GH
Sunyani,Sunyani Airport,NYI,Ghana,GH
Ho,Ho Airport,HZO,Ghana,GH
Wa,Wa Airport,WZA,Ghana,GH
Tamale,Tamale Airport,TML,Ghana,GH
Conakry,Conakry International Airport,CKY,Guinea,GN
Bissau,Osvaldo Vieira International Airport,OXB,Guinea-Bissau,GW
Monrovia,Roberts International Airport,ROB,Liberia,LR
Bamako,Modibo Keita International Airport,BKO,Mali,ML
Nouakchott,Nouakchott–Oumtounsy International Airport,NKC,Mauritania,MR
Nouadhibou,Nouadhibou International Airport,NDB,Mauritania,MR
Atar,Atar International Airport,ATR,Mauritania,MR
Niamey,Diori Hamani International Airport,NIM,Niger,NE
Suleja,Nnamdi Azikiwe International Airport,ABV,Nigeria,NG
Calabar,Margaret Ekpo International Airport,CBQ,Nigeria,NG
Kano,Mallam Aminu Kano International Airport,KAN,Nigeria,NG
Lagos,Murtala Muhammed International Airport,LOS,Nigeria,NG
Port Harcourt,Port Harcourt International Airport,PHC,Nigeria,NG
Enugu-Ukwu,Akanu Ibiam International Airport,ENU,Nigeria,NG
Sokoto,Sadiq Abubakar III International Airport,SKO,Nigeria,NG
Dakar,Blaise Diagne International Airport,DSS,Senegal,SN
Freetown,Lungi International Airport,FNA,Sierra Leone,SL
Lome,Lomé–Tokoin International Airport,LFW,Togo,TG
Luanda,Quatro de Fevereiro Airport,LAD,Angola,AO
Lubango,Lubango Airport,SDD,Angola,AO
Douala,Douala International Airport,DLA,Cameroon,CM
Yaounde,Yaoundé Nsimalen International Airport,NSI,Cameroon,CM
Bangui,Bangui M'Poko International Airport,BGF,Central African Republic,CF
N'Djamena,N'Djamena International Airport,NDJ,Chad,TD
Goma,Goma International Airport,GOM,Democratic Republic of the Congo,CD
Kinshasa,N'djili Airport,FIH,Democratic Republic of the Congo,CD
Kisangani,Kisangani Bangoka International Airport,FKI,Democratic Republic of the Congo,CD
Lubumbashi,Lubumbashi International Airport,FBM,Democratic Republic of the Congo,CD
Brazzaville,Maya-Maya Airport,BZV,Republic of the Congo,CG
Pointe-Noire,Agostinho-Neto International Airport,PNR,Republic of the Congo,CG
Malabo,Malabo International Airport,SSG,Equatorial Guinea,GQ
Franceville,M'Vengue El Hadj Omar Bongo Ondimba International Airport,MVB,Gabon,GA
Libreville,Léon-Mba International Airport,LBV,Gabon,GA
Port-Gentil,Port-Gentil International Airport,POG,Gabon,GA
Gaborone,Sir Seretse Khama International Airport,GBE,Botswana,BW
Maun,Maun Airport,MUB,Botswana,BW
Francistown,Francistown International Airport,FRW,Botswana,BW
Manzini,King Mswati III International Airport,SHO,Eswatini,SZ
Maseru,Moshoeshoe I International Airport,MSU,Lesotho,LS
Windhoek,Hosea Kutako International Airport,WDH,Namibia,
Walvis Bay,Walvis Bay Airport,WVB,Namibia,
Bloemfontein,Bram Fischer International Airport,BFN,South Africa,ZA
Cape Town,Cape Town International Airport,CPT,South Africa,ZA
Durban,King Shaka International Airport,DUR,South Africa,ZA
East London,East London Airport,ELS,South Africa,ZA
Johannesburg,O. R. Tambo International Airport,JNB,South Africa,ZA
Johannesburg,Lanseria International Airport,HLA,South Africa,ZA
Mbombela,Kruger Mpumalanga International Airport,MQP,South Africa,ZA
Polokwane,Polokwane International Airport,PTG,South Africa,ZA
Bujumbura,Bujumbura International Airport,BJM,Burundi,BI
Moroni,Prince Said Ibrahim International Airport,HAH,Comoros,KM
Asmara,Asmara International Airport,ASM,Eritrea,ER
Addis Ababa,Addis Ababa Bole International Airport,ADD,Ethiopia,ET
Dire Dawa,Dire Dawa Airport,DIR,Ethiopia,ET
Eldoret,Eldoret International Airport,EDL,Kenya,KE
Mombasa,Moi International Airport,MBA,Kenya,KE
Kisumu,Kisumu International Airport,KIS,Kenya,KE
Nairobi,Jomo Kenyatta International Airport,NBO,Kenya,KE
Antananarivo,Ivato International Airport,TNR,Madagascar,MG
Antsiranana,Arrachart Airport,DIE,Madagascar,MG
Mahajanga,Amborovy Airport,MJN,Madagascar,MG
Toamasina,Toamasina Airport,TMM,Madagascar,MG
Tolanaro,Tôlanaro Airport,FTU,Madagascar,MG
Toliara,Toliara Airport,TLE,Madagascar,MG
Blantyre,Chileka International Airport,BLZ,Malawi,MW
Lilongwe,Lilongwe International Airport,LLW,Malawi,MW
Dzaoudzi,Dzaoudzi–Pamandzi International Airport,DZA,Mayotte,YT
Maputo,Maputo International Airport,MPM,Mozambique,MZ
Beira,Beira Airport,BEW,Mozambique,MZ
Inhambane,Inhambane Airport,INH,Mozambique,MZ
Nampula,Nampula Airport,APL,Mozambique,MZ
Pemba,Pemba Airport,POL,Mozambique,MZ
Tete,Chingozi Airport,TET,Mozambique,MZ
Vilankulo,Vilankulo Airport,VNX,Mozambique,MZ
Kigali,Kigali International Airport,KGL,Rwanda,RW
Victoria,Seychelles International Airport,SEZ,Seychelles,SC
Bosaso,Bosaso Airport,BSA,Somalia,SO
Gaalkacyo,Abdullahi Yusuf Airport,GBY,Somalia,SO
Garoowe,Garowe Airport,GGR,Somalia,SO
Hargeysa,Hargeisa Airport,HGA,Somalia,SO
Kismayo,Kismayo Airport,KMU,Somalia,SO
Mogadishu,Aden Adde International Airport,MGQ,Somalia,SO
Juba,Juba International Airport,JUB,South Sudan,SS
Arusha,Arusha Airport,ARK,Tanzania,TZ
Dar es Salaam,Julius Nyerere International Airport,DAR,Tanzania,TZ
Mwanza,Mwanza Airport,MWZ,Tanzania,TZ
Tanga,Tanga Airport,TGT,Tanzania,TZ
Arua,Arua Airport,RUA,Uganda,UG
Entebbe,Entebbe International Airport,EBB,Uganda,UG
Gulu,Gulu Airport,ULU,Uganda,UG
Livingstone,Harry Mwanga Nkumbula International Airport,LVI,Zambia,ZM
Lusaka,Kenneth Kaunda International Airport,LUN,Zambia,ZM
Ndola,Simon Mwansa Kapwepwe International Airport,NLA,Zambia,ZM
Harare,Robert Gabriel Mugabe International Airport,HRE,Zimbabwe,ZW
Victoria Falls,Victoria Falls Airport,VFA,Zimbabwe,ZW
Bulawayo,Joshua Mqabuko Nkomo International Airport,BUQ,Zimbabwe,ZW
The Valley,Clayton J. Lloyd International Airport,AXA,Anguilla,AI
Oranjestad,Queen Beatrix International Airport,AUA,Aruba,AW
Nassau,Lynden Pindling International Airport,NAS,Bahamas,BS
Freeport,Grand Bahama International Airport,FPO,Bahamas,BS
Bridgetown,Grantley Adams International Airport,BGI,Barbados,BB
Road Town,Terrance B. Lettsome International Airport,EIS,British Virgin Islands,VG
George Town,Owen Roberts International Airport,GCM,Cayman Islands,KY
Camagueey,Ignacio Agramonte International Airport,CMW,Cuba,CU
Cienfuegos,Jaime González Airport,CFG,Cuba,CU
Havana,José Martí International Airport,HAV,Cuba,CU
Holguin,Frank País Airport,HOG,Cuba,CU
Santa Clara,Abel Santamaría Airport,SNU,Cuba,CU
Santiago de Cuba,Antonio Maceo Airport,SCU,Cuba,CU
Varadero,Juan Gualberto Gómez Airport,VRA,Cuba,CU
Roseau,Douglas–Charles Airport,DOM,Dominica,DM
Santa Cruz de Barahona,María Montez International Airport,BRX,Dominican Republic,DO
La Romana,La Romana International Airport,LRM,Dominican Republic,DO
Punta Cana,Punta Cana International Airport,PUJ,Dominican Republic,DO
Puerto Plata,Gregorio Luperón International Airport,POP,Dominican Republic,DO
Santiago de los Caballeros,Cibao International Airport,STI,Dominican Republic,DO
Santo Domingo,Las Américas International Airport,SDQ,Dominican Republic,DO
Pointe-a-Pitre,Pointe-à-Pitre International Airport,PTP,Guadeloupe,GP
Cap-Haitien,Cap-Haïtien International Airport,CAP,Haiti,HT
Port-au-Prince,Toussaint Louverture International Airport,PAP,Haiti,HT
Kingston,Norman Manley International Airport,KIN,Jamaica,JM
Montego Bay,Sangster International Airport,MBJ,Jamaica,JM
Fort-de-France,Martinique Aimé Césaire International Airport,FDF,Martinique,MQ
Brades,John A. Osborne Airport,MNI,Montserrat,MS
Aguadilla,Rafael Hernández Airport,BQN,Puerto Rico,PR
San Juan,Luis Muñoz Marín International Airport,SJU,Puerto Rico,PR
Basseterre,Robert L. Bradshaw International Airport,SKB,Saint Kitts and Nevis,KN
Kingstown,Argyle International Airport,SVD,Saint Vincent and the Grenadines,VC
Philipsburg,Princess Juliana International Airport,SXM,Sint Maarten,SX
Port of Spain,Piarco International Airport,POS,Trinidad and Tobago,TT
Charlotte Amalie,Cyril E. King Airport,STT,U.S. Virgin Islands,VI
Belize City,Philip S. W. Goldson International Airport,BZE,Belize,BZ
Liberia,Daniel Oduber Quirós International Airport,LIR,Costa Rica,CR
San Jose,Juan Santamaría International Airport,SJO,Costa Rica,CR
San Salvador,El Salvador International Airport,SAL,El Salvador,SV
Flores,Mundo Maya International Airport,FRS,Guatemala,GT
Guatemala City,La Aurora International Airport,GUA,Guatemala,GT
La Ceiba,Golosón International Airport,LCE,Honduras,HN
San Pedro Sula,Ramón Villeda Morales International Airport,SAP,Honduras,HN
Tegucigalpa,Toncontín International Airport,TGU,Honduras,HN
Comayagua,Comayagua International Airport,XPL,Honduras,HN
Managua,Augusto C. Sandino International Airport,MGA,Nicaragua,NI
Bluefields,Bluefields Airport,BEF,Nicaragua,NI
Panama,"Albrook ""Marcos A. Gelabert"" International Airport",PAC,Panama,PA
Panama,Panama Pacifico International Airport,BLB,Panama,PA
Panama,Tocumen International Airport,PTY,Panama,PA
Hamilton,L.F. Wade International Airport,BDA,Bermuda,BM
Abbotsford,Abbotsford International Airport,YXX,Canada,CA
Calgary,Calgary International Airport,YYC,Canada,CA
Edmonton,Edmonton International Airport,YEG,Canada,CA
Fredericton,Fredericton International Airport,YFC,Canada,CA
Hamilton,John C. Munro Hamilton International Airport,YHM,Canada,CA
Kitchener,Region of Waterloo International Airport,YKF,Canada,CA
London,London International Airport,YXU,Canada,CA
Ottawa,Ottawa Macdonald–Cartier International Airport,YOW,Canada,CA
Quebec,Québec City Jean Lesage International Airport,YQB,Canada,CA
Regina,Regina International Airport,YQR,Canada,CA
Saint John,Saint John Airport,YSJ,Canada,CA
St. John's,St. John's International Airport,YYT,Canada,CA
Thunder Bay,Thunder Bay International Airport,YQT,Canada,CA
Toronto,Billy Bishop Toronto City Airport,YTZ,Canada,CA
Whitehorse,Erik Nielsen Whitehorse International Airport,YXY,Canada,CA
Windsor,Windsor International Airport,YQG,Canada,CA
Winnipeg,Winnipeg James Armstrong Richardson International Airport,YWG,Canada,CA
Nuuk,Nuuk Airport,GOH,Greenland,GL
Acapulco de Juarez,Acapulco International Airport,ACA,Mexico,MX
Aguascalientes,Aguascalientes International Airport,AGU,Mexico,MX
Cancun,Cancún International Airport,CUN,Mexico,MX
Chihuahua,Chihuahua International Airport,CUU,Mexico,MX
Ciudad del Carmen,Ciudad del Carmen International Airport,CME,Mexico,MX
Cozumel,Cozumel International Airport,CZM,Mexico,MX
Culiacan,Culiacán International Airport,CUL,Mexico,MX
Victoria de Durango,Durango International Airport,DGO,Mexico,MX
Guadalajara,Miguel Hidalgo y Costilla Guadalajara International Airport,GDL,Mexico,MX
Hermosillo,Hermosillo International Airport,HMO,Mexico,MX
Ixtapa,Ixtapa-Zihuatanejo International Airport,ZIH,Mexico,MX
Leon de los Aldama,Bajío International Airport,BJX,Mexico,MX
Loreto,Loreto International Airport,LTO,Mexico,MX
Manzanillo,Playa de Oro International Airport,ZLO,Mexico,MX
Mazatlan,Mazatlán International Airport,MZT,Mexico,MX
Merida,Mérida International Airport,MID,Mexico,MX
Mexicali,Mexicali International Airport,MXL,Mexico,MX
Mexico City,Mexico City International Airport,MEX,Mexico,MX
Mexico City,Felipe Ángeles International Airport,NLU,Mexico,MX
Monterrey,Monterrey International Airport,MTY,Mexico,MX
Morelia,General Francisco Mujica International Airport,MLM,Mexico,MX
Oaxaca,Oaxaca International Airport,OAX,Mexico,MX
Puebla,Puebla International Airport,PBC,Mexico,MX
Puerto Escondido,Puerto Escondido International Airport,PXM,Mexico,MX
Puerto Vallarta,Licenciado Gustavo Díaz Ordaz International Airport,PVR,Mexico,MX
Santiago de Queretaro,Querétaro Intercontinental Airport,QRO,Mexico,MX
Reynosa,General Lucio Blanco International Airport,REX,Mexico,MX
Saltillo,Saltillo Airport,SLW,Mexico,MX
San Luis Potosi,San Luis Potosí International Airport,SLP,Mexico,MX
Tampico,Tampico International Airport,TAM,Mexico,MX
Tijuana,Tijuana International Airport,TIJ,Mexico,MX
Toluca,Toluca International Airport,TLC,Mexico,MX
Torreon,Torreón International Airport,TRC,Mexico,MX
Tulum,Tulum International Airport,TQO,Mexico,MX
Tuxtla,Tuxtla Gutiérrez International Airport,TGZ,Mexico,MX
Uruapan,Uruapan International Airport,UPN,Mexico,MX
Veracruz,Veracruz International Airport,VER,Mexico,MX
Villahermosa,Villahermosa International Airport,VSA,Mexico,MX
Zacatecas,Zacatecas International Airport,ZCL,Mexico,MX
Saint-Pierre,Saint-Pierre Airport,FSP,Saint Pierre and Miquelon,PM
Akron,Akron Executive Airport,AKC,United States,US
Albany,Albany International Airport,ALB,United States,US
Albuquerque,Albuquerque International Sunport,ABQ,United States,US
Anchorage,Ted Stevens Anchorage International Airport,ANC,United States,US
Appleton,Appleton International Airport,ATW,United States,US
Atlanta,Hartsfield–Jackson Atlanta International Airport,ATL,United States,US
Atlantic City,Atlantic City International Airport,ACY,United States,US
Baltimore,Baltimore/Washington International Airport,BWI,United States,US
Bangor,Bangor International Airport,BGR,United States,US
Bellingham,Bellingham International Airport,BLI,United States,US
Birmingham,Birmingham–Shuttlesworth International Airport,BHM,United States,US
Boise,Boise Airport,BOI,United States,US
Boston,Logan International Airport,BOS,United States,US
Brownsville,Brownsville South Padre Island International Airport,BRO,United States,US
Buffalo,Buffalo Niagara International Airport,BUF,United States,US
Calexico,Calexico International Airport,CXL,United States,US
Charlotte,Charlotte Douglas International Airport,CLT,United States,US
Chicago,Midway International Airport,MDW,United States,US
Chicago,O'Hare International Airport,ORD,United States,US
Cincinnati,Cincinnati/Northern Kentucky International Airport,CVG,United States,US
Cleveland,Cleveland Hopkins International Airport,CLE,United States,US
Corpus Christi,Corpus Christi International Airport,CRP,United States,US
Denver,Denver International Airport,DEN,United States,US
Detroit,Detroit Metropolitan Airport,DTW,United States,US
Duluth,Duluth International Airport,DLH,United States,US
Derby,El Paso International Airport,ELP,United States,US
Erie,Erie International Airport Tom Ridge Field,ERI,United States,US
Fairbanks,Fairbanks International Airport,FAI,United States,US
Fort Lauderdale,Fort Lauderdale–Hollywood International Airport,FLL,United States,US
Fort Myers,Southwest Florida International Airport,RSW,United States,US
Fresno,Fresno Yosemite International Airport,FAT,United States,US
Gary,Gary/Chicago International Airport,GYY,United States,US
Grand Rapids,Gerald R. Ford International Airport,GRR,United States,US
Green Bay,Green Bay–Austin Straubel International Airport,GRB,United States,US
Greensboro,Piedmont Triad International Airport,GSO,United States,US
Gulfport,Gulfport-Biloxi International Airport,GPT,United States,US
Brownsburg,Harrisburg International Airport,MDT,United States,US
Hilo,Hilo International Airport,ITO,United States,US
Honolulu,Daniel K. Inouye International Airport,HNL,United States,US
Houston,George Bush Intercontinental Airport,IAH,United States,US
Houston,William P. Hobby Airport,HOU,United States,US
Indianapolis,Indianapolis International Airport,IND,United States,US
Jacksonville,Jacksonville International Airport,JAX,United States,US
Juneau,Juneau International Airport,JNU,United States,US
Key West,Key West International Airport,EYW,United States,US
Kissimmee,Kissimmee Gateway Airport,ISM,United States,US
Knoxville,McGhee Tyson Airport,TYS,United States,US
Lakeland,Lakeland Linder International Airport,LAL,United States,US
Lansing,Capital Region International Airport,LAN,United States,US
Las Vegas,Harry Reid International Airport,LAS,United States,US
Little Rock,Bill and Hillary Clinton National Airport,LIT,United States,US
Los Angeles,Los Angeles International Airport,LAX,United States,US
Louisville,Louisville Muhammad Ali International Airport,SDF,United States,US
Lubbock,Lubbock Preston Smith International Airport,LBB,United States,US
Memphis,Memphis International Airport,MEM,United States,US
Miami,Miami International Airport,MIA,United States,US
Midland,Midland International Air and Space Port,MAF,United States,US
Milwaukee,General Mitchell International Airport,MKE,United States,US
Myrtle Beach,Myrtle Beach International Airport,MYR,United States,US
Nashville,Nashville International Airport,BNA,United States,US
New Orleans,Louis Armstrong New Orleans International Airport,MSY,United States,US
New York City,John F. Kennedy International Airport,JFK,United States,US
New York City,LaGuardia Airport,LGA,United States,US
Newark,Newark Liberty International Airport,EWR,United States,US
Newburgh,Stewart International Airport,SWF,United States,US
Newport News,Newport News/Williamsburg International Airport,PHF,United States,US
Niagara Falls,Niagara Falls International Airport,IAG,United States,US
Oakland,Oakland International Airport,OAK,United States,US
Oklahoma City,Will Rogers World Airport,OKC,United States,US
Omaha,Eppley Airfield,OMA,United States,US
Ontario,Ontario International Airport,ONT,United States,US
Orlando,Orlando International Airport,MCO,United States,US
Palm Springs,Palm Springs International Airport,PSP,United States,US
Pensacola,Pensacola International Airport,PNS,United States,US
Philadelphia,Philadelphia International Airport,PHL,United States,US
Phenix City,Phoenix Sky Harbor International Airport,PHX,United States,US
Pittsburg,Pittsburgh International Airport,PIT,United States,US
Annapolis,Rhode Island T. F. Green International Airport,PVD,United States,US
Racine,Batten International Airport,RAC,United States,US
Raleigh,Raleigh–Durham International Airport,RDU,United States,US
Reno,Reno–Tahoe International Airport,RNO,United States,US
Sacramento,Sacramento International Airport,SMF,United States,US
Salt Lake City,Salt Lake City International Airport,SLC,United States,US
San Antonio,San Antonio International Airport,SAT,United States,US
San Bernardino,San Bernardino International Airport,SBD,United States,US
San Diego,San Diego International Airport,SAN,United States,US
San Francisco,San Francisco International Airport,SFO,United States,US
Seattle,Kenmore Air Harbor Seaplane Base,LKE,United States,US
Seattle,King County International Airport,BFI,United States,US
Seattle,Seattle–Tacoma International Airport,SEA,United States,US
Sheboygan,Sheboygan County Memorial Airport,SBM,United States,US
Spokane,Spokane International Airport,GEG,United States,US
St. Louis,St. Louis Lambert International Airport,STL,United States,US
Syracuse,Syracuse Hancock International Airport,SYR,United States,US
Tallahassee,Tallahassee International Airport,TLH,United States,US
Tampa,Tampa International Airport,TPA,United States,US
Tucson,Tucson International Airport,TUS,United States,US
Tulsa,Tulsa International Airport,TUL,United States,US
West Palm Beach,Palm Beach International Airport,PBI,United States,US
Scranton,Wilkes-Barre/Scranton International Airport,AVP,United States,US
Buenos Aires,Ministro Pistarini International  Airport,EZE,Argentina,AR
Buenos Aires,Aeroparque Jorge Newbery,AEP,Argentina,AR
San Carlos de Bariloche,San Carlos de Bariloche Airport,BRC,Argentina,AR
Comodoro Rivadavia,General Enrique Mosconi International Airport,CRD,Argentina,AR
Cordoba,Ingeniero Aeronáutico Ambrosio L.V. Taravella International Airport,COR,Argentina,AR
Corrientes,Doctor Fernando Piragine Niveyro International Airport,CNQ,Argentina,AR
El Palomar,El Palomar Airport,EPA,Argentina,AR
Esquel,Brigadier General Antonio Parodi International Airport,EQS,Argentina,AR
Formosa,Formosa International Airport,FMA,Argentina,AR
Mar del Plata,Ástor Piazzolla International Airport,MDQ,Argentina,AR
Mendoza,Governor Francisco Gabrielli International Airport,MDZ,Argentina,AR
Neuquen,Presidente Perón International Airport,NQN,Argentina,AR
Posadas,Libertador General José de San Martín Airport,PSS,Argentina,AR
Puerto Iguazu,Cataratas del Iguazú International Airport,IGR,Argentina,AR
Resistencia,Resistencia International Airport,RES,Argentina,AR
Rio Gallegos,Piloto Civil Norberto Fernández International Airport,RGL,Argentina,AR
Rio Grande,Hermes Quijada International Airport,RGA,Argentina,AR
Rosario,Rosario – Islas Malvinas International Airport,ROS,Argentina,AR
Salta,Martín Miguel de Güemes International Airport,SLA,Argentina,AR
San Miguel de Tucuman,Teniente Benjamín Matienzo International Airport,TUC,Argentina,AR
San Salvador de Jujuy,Gobernador Horacio Guzmán International Airport,JUJ,Argentina,AR
Termas de Rio Hondo,Termas de Río Hondo International Airport,RHD,Argentina,AR
Trelew,Almirante Marcos A. Zar Airport,REL,Argentina,AR
Ushuaia,Ushuaia – Malvinas Argentinas International Airport,USH,Argentina,AR
La Paz,El Alto International Airport,LPB,Bolivia,BO
Santa Cruz de la Sierra,Viru Viru International Airport,VVI,Bolivia,BO
Cochabamba,Jorge Wilstermann International Airport,CBB,Bolivia,BO
Aracaju,Santa Maria Airport,AJU,Brazil,BR
Belem,Val de Cães International Airport,BEL,Brazil,BR
Belo Horizonte,Tancredo Neves International Airport,CNF,Brazil,BR
Boa Vista,Boa Vista International Airport,BVB,Brazil,BR
Brasilia,Brasília International Airport,BSB,Brazil,BR
Campinas,Viracopos International Airport,VCP,Brazil,BR
Guaraciaba do Norte,Campo Grande International Airport,CGR,Brazil,BR
Cuiaba,Marechal Rondon International Airport,CGB,Brazil,BR
Curitiba,Afonso Pena International Airport,CWB,Brazil,BR
Florianopolis,Hercílio Luz International Airport,FLN,Brazil,BR
Fortaleza,Pinto Martins International Airport,FOR,Brazil,BR
Foz do Iguacu,Foz do Iguaçu International Airport,IGU,Brazil,BR
Goiania,Santa Genoveva Airport,GYN,Brazil,BR
Joao Pessoa,Presidente Castro Pinto International Airport,JPA,Brazil,BR
Maceio,Zumbi dos Palmares International Airport,MCZ,Brazil,BR
Manaus,Eduardo Gomes International Airport,MAO,Brazil,BR
Natal,Greater Natal International Airport,NAT,Brazil,BR
Petrolina,Petrolina Airport,PNZ,Brazil,BR
Porto Alegre,Salgado Filho Porto Alegre International Airport,POA,Brazil,BR
Porto Velho,Governador Jorge Teixeira de Oliveira International Airport,PVH,Brazil,BR
Recife,Guararapes International Airport,REC,Brazil,BR
Arcoverde,Rio Branco International Airport,RBR,Brazil,BR
Rio de Janeiro,Rio de Janeiro/Galeão International Airport,GIG,Brazil,BR
Rio de Janeiro,Santos Dumont Airport,SDU,Brazil,BR
Salvador,Deputado Luís Eduardo Magalhães International Airport,SSA,Brazil,BR
Sao Luis,Marechal Cunha Machado International Airport,SLZ,Brazil,BR
Sao Paulo,São Paulo–Congonhas Airport,CGH,Brazil,BR
Sao Paulo,São Paulo/Guarulhos International Airport,GRU,Brazil,BR
Teresina,Teresina Airport,THE,Brazil,BR
Uberlandia,Uberlândia Airport,UDI,Brazil,BR
Vitoria de Santo Antao,Eurico de Aguiar Salles Airport,VIX,Brazil,BR
Antofagasta,Andrés Sabella Gálvez International Airport,ANF,Chile,CL
Concepcion,Carriel Sur International Airport,CCP,Chile,CL
Puerto Montt,El Tepual International Airport,PMC,Chile,CL
Punta Arenas,Presidente Carlos Ibáñez del Campo International Airport,PUQ,Chile,CL
Santiago,Arturo Merino Benítez International Airport,SCL,Chile,CL
Armenia,El Edén International Airport,AXM,Colombia,CO
Barranquilla,Ernesto Cortissoz International Airport,BAQ,Colombia,CO
Bogota,El Dorado International Airport,BOG,Colombia,CO
Bucaramanga,Palonegro International Airport,BGA,Colombia,CO
Buenaventura,Gerardo Tobar López Airport,BUN,Colombia,CO
Cali,Alfonso Bonilla Aragón International Airport,CLO,Colombia,CO
Cartagena,Rafael Núñez International Airport,CTG,Colombia,CO
Cucuta,Camilo Daza International Airport,CUC,Colombia,CO
Ibague,Perales Airport,IBE,Colombia,CO
Ipiales,San Luis Airport,IPI,Colombia,CO
Florencia,Gustavo Artunduaga Paredes Airport,FLA,Colombia,CO
Leticia,Alfredo Vásquez Cobo International Airport,LET,Colombia,CO
Maicao,Jorge Isaacs Airport,MCJ,Colombia,CO
Manizales,La Nubia Airport,MZL,Colombia,CO
Medellin,José María Córdova International Airport,MDE,Colombia,CO
Mitu,Fabio Alberto León Bentley Airport,MVP,Colombia,CO
Monteria,Los Garzones Airport,MTR,Colombia,CO
Neiva,Benito Salas Airport,NVA,Colombia,CO
Pasto,Antonio Nariño Airport,PSO,Colombia,CO
Pereira,Matecaña International Airport,PEI,Colombia,CO
Popayan,Guillermo León Valencia Airport,PPN,Colombia,CO
Quibdo,El Caraño Airport,UIB,Colombia,CO
Riohacha,Almirante Padilla Airport,RCH,Colombia,CO
San Andres,Gustavo Rojas Pinilla International Airport,ADZ,Colombia,CO
Santiago de Tolu,Golfo de Morrosquillo Airport,TLU,Colombia,CO
Tumaco,La Florida Airport,TCO,Colombia,CO
Santa Marta,Simón Bolívar International Airport,SMR,Colombia,CO
Sincelejo,Las Brujas Airport,CZU,Colombia,CO
Valledupar,Alfonso López Pumarejo Airport,VUP,Colombia,CO
Villavicencio,La Vanguardia Airport,VVC,Colombia,CO
Yopal,El Alcaraván Airport,EYP,Colombia,CO
Cuenca,Mariscal Lamar International Airport,CUE,Ecuador,EC
Esmeraldas,Carlos Concha Torres International Airport,ESM,Ecuador,EC
Guayaquil,José Joaquín de Olmedo International Airport,GYE,Ecuador,EC
Machala,Santa Rosa International Airport,ETR,Ecuador,EC
Manta,Eloy Alfaro International Airport,MEC,Ecuador,EC
Quito,Mariscal Sucre International Airport,UIO,Ecuador,EC
Tulcan,Teniente Coronel Luis a Mantilla International Airport,TUA,Ecuador,EC
Cayenne,Cayenne – Félix Eboué Airport,CAY,French Guiana,GF
Georgetown,Cheddi Jagan International Airport,GEO,Guyana,GY
Asuncion,Silvio Pettirossi International Airport,ASU,Paraguay,PY
Ciudad del Este,Guaraní International Airport,AGT,Paraguay,PY
Arequipa,Rodríguez Ballón International Airport,AQP,Peru,PE
Cusco,Alejandro Velasco Astete International Airport,CUZ,Peru,PE
Lima,Jorge Chávez International Airport,LIM,Peru,PE
Paramaribo,Johan Adolf Pengel International Airport,PBM,Suriname,SR
Montevideo,Carrasco International Airport,MVD,Uruguay,UY
Rivera,Rivera International Airport,RVY,Uruguay,UY
Caracas,Simón Bolívar International Airport,CCS,Venezuela,VE
Maracaibo,La Chinita International Airport,MAR,Venezuela,VE
Valencia,Arturo Michelena International Airport,VLN,Venezuela,VE
Shevchenko,Aktau Airport,SCO,Kazakhstan,KZ
Aktobe,Aktobe International Airport,AKX,Kazakhstan,KZ
Almaty,Almaty International Airport,ALA,Kazakhstan,KZ
Atyrau,Atyrau Airport,GUW,Kazakhstan,KZ
Karagandy,Karaganda Airport,KGF,Kazakhstan,KZ
Kokshetau,Kokshetau Airport,KOV,Kazakhstan,KZ
Kostanay,Kostanay Airport,KSN,Kazakhstan,KZ
Kyzylorda,Kyzylorda Airport,KZO,Kazakhstan,KZ
Astana,Nursultan Nazarbayev International Airport,NQZ,Kazakhstan,KZ
Oral,Oral Ak Zhol Airport,URA,Kazakhstan,KZ
Ust-Kamenogorsk,Oskemen Airport,UKK,Kazakhstan,KZ
Pavlodar,Pavlodar Airport,PWQ,Kazakhstan,KZ
Petropavl,Petropavl Airport,PPK,Kazakhstan,KZ
Semey,Semey Airport,PLX,Kazakhstan,KZ
Shymkent,Shymkent Airport,CIT,Kazakhstan,KZ
Taraz,Taraz Airport,DMB,Kazakhstan,KZ
Bishkek,Manas International Airport,FRU,Kyrgyzstan,KG
Karakol,Karakol International Airport,,Kyrgyzstan,KG
Osh,Osh Airport,OSS,Kyrgyzstan,KG
Bokhtar,Bokhtar International Airport,KQT,Tajikistan,TJ
Dushanbe,Dushanbe Airport,DYU,Tajikistan,TJ
Khujand,Khujand Airport,LBD,Tajikistan,TJ
Kulob,Kulob Airport,TJU,Tajikistan,TJ
Ashgabat,Ashgabat Airport,ASB,Turkmenistan,TM
Dasoguz,Daşoguz Airport,TAZ,Turkmenistan,TM
Mary,Mary International Airport,MYP,Turkmenistan,TM
Turkmenbasy,Turkmenbashi International Airport,KRW,Turkmenistan,TM
Turkmenabat,Turkmenabat International Airport,CRZ,Turkmenistan,TM
Andijon,Andizhan Airport,AZN,Uzbekistan,UZ
Bukhara,Bukhara International Airport,BHK,Uzbekistan,UZ
Fergana,Fergana International Airport,FEG,Uzbekistan,UZ
Qarshi,Karshi Airport,KSQ,Uzbekistan,UZ
Namangan,Namangan Airport,NMA,Uzbekistan,UZ
Navoiy,Navoiy International Airport,NVI,Uzbekistan,UZ
Nukus,Nukus Airport,NCU,Uzbekistan,UZ
Samarkand,Samarkand International Airport,SKD,Uzbekistan,UZ
Tashkent,Islam Karimov Tashkent International Airport,TAS,Uzbekistan,UZ
Tirmiz,Termez Airport,TMJ,Uzbekistan,UZ
Urganch,Urgench International Airport,UGC,Uzbekistan,UZ
Pyongyang,Pyongyang International Airport,FNJ,North Korea,KP
Akita,Akita Airport,AXT,Japan,JP
Aomori,Aomori Airport,AOJ,Japan,JP
Fukuoka,Fukuoka Airport,FUK,Japan,JP
Hakodate,Hakodate Airport,HKD,Japan,JP
Kagoshima,Kagoshima Airport,KOJ,Japan,JP
Komatsu,Komatsu Airport,KMQ,Japan,JP
Hiroshima,Hiroshima Airport,HIJ,Japan,JP
Kitakyushu,Kitakyushu Airport,KKJ,Japan,JP
Nagasaki,Nagasaki Airport,NGS,Japan,JP
Naha,Naha Airport,OKA,Japan,JP
Nagoya,Chubu Centrair International Airport,NGO,Japan,JP
Niigata,Niigata Airport,KIJ,Japan,JP
Oita,Oita Airport,OIT,Japan,JP
Okayama,Okayama Airport,OKJ,Japan,JP
Osaka,Kansai International Airport,KIX,Japan,JP
Sapporo,New Chitose Airport,CTS,Japan,JP
Satsumasendai,Sendai Airport,SDJ,Japan,JP
Shizuoka,Shizuoka Airport,FSZ,Japan,JP
Tokyo,Haneda Airport,HND,Japan,JP
Tokyo,Narita International Airport,NRT,Japan,JP
Ulan Bator,Chinggis Khaan International Airport,UBN,Mongolia,MN
Baotou,Baotou Donghe Airport,BAV,China,CN
Beihai,Beihai Fucheng Airport,BHY,China,CN
Beijing,Beijing Capital International Airport,PEK,China,CN
Beijing,Beijing Daxing International Airport,PKX,China,CN
Changchun,Changchun Longjia International Airport,CGQ,China,CN
Changsha,Changsha Huanghua International Airport,CSX,China,CN
Changzhou,Changzhou Benniu International Airport,CZX,China,CN
Chengdu,Chengdu Shuangliu International Airport,CTU,China,CN
Chengdu,Chengdu Tianfu International Airport,TFU,China,CN
Chongqing,Chongqing Jiangbei International Airport,CKG,China,CN
Dalian,Dalian Zhoushuizi International Airport,DLC,China,CN
Dandong,Dandong Langtou Airport,DDG,China,CN
Datong,Datong Yungang Airport,DAT,China,CN
Dunhuang,Dunhuang Mogao International Airport,DNH,China,CN
Fuzhou,Fuzhou Changle International Airport,FOC,China,CN
Zhangye,Ganzhou Huangjin Airport,KOW,China,CN
Guangzhou,Guangzhou Baiyun International Airport,CAN,China,CN
Guilin,Guilin Liangjiang International Airport,KWL,China,CN
Guiyang,Guiyang Longdongbao International Airport,KWE,China,CN
Haikou,Haikou Meilan International Airport,HAK,China,CN
Hangzhou,Hangzhou Xiaoshan International Airport,HGH,China,CN
Harbin,Harbin Taiping International Airport,HRB,China,CN
Hefei,Hefei Xinqiao International Airport,HFE,China,CN
Heihe,Heihe Aihui Airport,HEK,China,CN
Hohhot,Hohhot Baita International Airport,HET,China,CN
Huai'an,Huai'an Lianshui International Airport,HIA,China,CN
Huangshan,Huangshan Tunxi International Airport,TXN,China,CN
Hulunbuir,Hulunbuir Hailar Airport,HLD,China,CN
Jiamusi,Jiamusi Dongjiao Airport,JMU,China,CN
Jieyang,Jieyang Chaoshan International Airport,SWA,China,CN
Jinan,Jinan Yaoqiang International Airport,TNA,China,CN
Kunming,Kunming Changshui International Airport,KMG,China,CN
Lanzhou,Lanzhou Zhongchuan International Airport,LHW,China,CN
Lhasa,Lhasa Gonggar Airport,LXA,China,CN
Lianyungang,Lianyungang Baitabu Airport,LYG,China,CN
Lijiang,Lijiang Sanyi International Airport,LJG,China,CN
Linyi,Linyi Qiyang Airport,LYI,China,CN
Luoyang,Luoyang Beijiao Airport,LYA,China,CN
Mangshi,Dehong Mangshi Airport,LUM,China,CN
Manzhouli,Manzhouli Xijiao Airport,NZH,China,CN
Meizhou,Meixian Airport,MXZ,China,CN
Mudanjiang,Mudanjiang Hailang International Airport,MDG,China,CN
Nanchang,Nanchang Changbei International Airport,KHN,China,CN
Nanjing,Nanjing Lukou International Airport,NKG,China,CN
Nanning,Nanning Wuxu International Airport,NNG,China,CN
Nantong,Nantong Xingdong International Airport,NTG,China,CN
Ningbo,Ningbo Lishe International Airport,NGB,China,CN
Qingdao,Qingdao Jiaodong International Airport,TAO,China,CN
Qinhuangdao,Qinhuangdao Beidaihe Airport,BPE,China,CN
Qiqihar,Qiqihar Sanjiazi Airport,NDG,China,CN
Quanzhou,Quanzhou Jinjiang International Airport,JJN,China,CN
Sanya,Sanya Phoenix International Airport,SYX,China,CN
Shanghai,Shanghai Hongqiao International Airport,SHA,China,CN
Shanghai,Shanghai Pudong International Airport,PVG,China,CN
Shenyang,Shenyang Taoxian International Airport,SHE,China,CN
Shenzhen,Shenzhen Bao'an International Airport,SZX,China,CN
Shijiazhuang,Shijiazhuang Zhengding International Airport,SJW,China,CN
Taiyuan,Taiyuan Wusu International Airport,TYN,China,CN
Tianjin,Tianjin Binhai International Airport,TSN,China,CN
Ulanqab,Ulanqab Jining Airport,UCB,China,CN
UEruemqi,Ürümqi Diwopu International Airport,URC,China,CN
Wanzhou,Wanzhou Wuqiao Airport,WXN,China,CN
Weihai,Weihai Dashuibo Airport,WEH,China,CN
Wenzhou,Wenzhou Yongqiang Airport,WNZ,China,CN
Wuhan,Wuhan Tianhe International Airport,WUH,China,CN
Wuxi,Sunan Shuofang International Airport,WUX,China,CN
Wuyishan,Wuyishan Airport,WUS,China,CN
Xiamen,Xiamen Gaoqi International Airport,XMN,China,CN
Xi'an,Xi'an Xianyang International Airport,XIY,China,CN
Xining,Xining Caojiabao International Airport,XNN,China,CN
Xinzhou,Xinzhou Wutaishan Airport,WUT,China,CN
Tongshan,Xuzhou Guanyin Airport,XUZ,China,CN
Yancheng,Yancheng Nanyang Airport,YNZ,China,CN
Yangzhou,Yangzhou Taizhou International Airport,YTY,China,CN
Yanji,Yanji Airport,YNJ,China,CN
Yantai,Yantai Penglai International Airport,YNT,China,CN
Yichang,Yichang Sanxia Airport,YIH,China,CN
Yinchuan,Yinchuan Hedong International Airport,INC,China,CN
Yiwu,Yiwu Airport,YIW,China,CN
Yuncheng,Yuncheng Guangong Airport,YCU,China,CN
Zhangjiajie,Zhangjiajie Hehua Airport,DYG,China,CN
Zhanjiang,Zhanjiang Wuchuan Airport,ZHA,China,CN
Zhengzhou,Zhengzhou Xinzheng International Airport,CGO,China,CN
Zhuhai,Zhuhai Jinwan Airport,ZUH,China,CN
Zunyi,Zunyi Xinzhou Airport,ZYI,China,CN
Hualien City,Hualien Airport,HUN,Taiwan,TW
Kaohsiung,Kaohsiung International Airport,KHH,Taiwan,TW
Taichung,Taichung International Airport,RMQ,Taiwan,TW
Tainan,Tainan Airport,TNN,Taiwan,TW
Taipei,Taipei Songshan Airport,TSA,Taiwan,TW
Taoyuan City,Taoyuan International Airport,TPE,Taiwan,TW
Busan,Gimhae International Airport,PUS,South Korea,KR
Daegu,Daegu International Airport,TAE,South Korea,KR
Jeju City,Jeju International Airport,CJU,South Korea,KR
Seoul,Gimpo International Airport,GMP,South Korea,KR
Seoul,Incheon International Airport,ICN,South Korea,KR
Cheongju-si,Cheongju International Airport,CJJ,South Korea,KR
Muan,Muan International Airport,MWX,South Korea,KR
Chattogram,Shah Amanat International Airport,CGP,Bangladesh,BD
Dhaka,Hazrat Shahjalal International Airport,DAC,Bangladesh,BD
Sylhet,Osmani International Airport,ZYL,Bangladesh,BD
Agartala,Maharaja Bir Bikram Airport,IXA,India,IN
Ahmedabad,Sardar Vallabhbhai Patel International Airport,AMD,India,IN
Amritsar,Sri Guru Ram Dass Jee International Airport,ATQ,India,IN
Ayodhya,"Maharishi Valmiki International Airport, Ayodhya Dham",AYJ,India,IN
Bengaluru,Kempegowda International Airport,BLR,India,IN
Bhubaneswar,Biju Patnaik International Airport,BBI,India,IN
Chennai,Chennai International Airport,MAA,India,IN
Coimbatore,Coimbatore International Airport,CJB,India,IN
Gaya,Gaya Airport,GAY,India,IN
Guwahati,Lokpriya Gopinath Bordoloi International Airport,GAU,India,IN
Hyderabad,Rajiv Gandhi International Airport,HYD,India,IN
Imphal,Imphal Airport,IMF,India,IN
Indore,Devi Ahilya Bai Holkar Airport,IDR,India,IN
Jaipur,Jaipur International Airport,JAI,India,IN
Kannur,Kannur International Airport,CNN,India,IN
Cochin,Cochin International Airport,COK,India,IN
Kolkata,Netaji Subhas Chandra Bose International Airport,CCU,India,IN
Kozhikode,Calicut International Airport,CCJ,India,IN
Lucknow,Chaudhary Charan Singh Airport,LKO,India,IN
Madurai,Madurai Airport,IXM,India,IN
Mangalore,Mangaluru International Airport,IXE,India,IN
Mumbai,Chhatrapati Shivaji Maharaj International Airport,BOM,India,IN
Nagpur,Dr. Babasaheb Ambedkar International Airport,NAG,India,IN
Pune,Pune Airport,PNQ,India,IN
Ranchi,Birsa Munda Airport,IXR,India,IN
Siliguri,Bagdogra International Airport,IXB,India,IN
Srinagar,Srinagar Airport,SXR,India,IN
Surat,Surat Airport,STV,India,IN
Thiruvananthapuram,Trivandrum International Airport,TRV,India,IN
Tirupati,Tirupati International Airport,TIR,India,IN
Tiruchirappalli,Tiruchirappalli International Airport,TRZ,India,IN
Vadodara,Vadodara Airport,BDQ,India,IN
Varanasi,Lal Bahadur Shastri Airport,VNS,India,IN
Vijayawada,Vijayawada International Airport,VGA,India,IN
Visakhapatnam,Visakhapatnam International Airport,VTZ,India,IN
Male,Velana International Airport,MLE,Maldives,MV
Kathmandu,Tribhuvan International Airport,KTM,Nepal,NP
Siddharthanagar,Gautam Buddha International Airport,BWA,Nepal,NP
Pokhara,Pokhara Regional International Airport,PKR,Nepal,NP
Bahawalpur,Bahawalpur Airport,BHV,Pakistan,PK
Faisalabad,Faisalabad International Airport,LYP,Pakistan,PK
Gwadar,Gwadar International Airport,GWD,Pakistan,PK
Islamabad,Islamabad International Airport,ISB,Pakistan,PK
Karachi,Jinnah International Airport,KHI,Pakistan,PK
Lahore,Allama Iqbal International Airport,LHE,Pakistan,PK
Multan,Multan International Airport,MUX,Pakistan,PK
Peshawar,Bacha Khan International Airport,PEW,Pakistan,PK
Quetta,Quetta International Airport,UET,Pakistan,PK
Rahim Yar Khan,Shaikh Zayed International Airport,RYK,Pakistan,PK
Sialkot,Sialkot International Airport,SKT,Pakistan,PK
Turbat,Turbat International Airport,TUK,Pakistan,PK
Batticaloa,Batticaloa International Airport,BTC,Sri Lanka,LK
Colombo,Bandaranaike International Airport,CMB,Sri Lanka,LK
Colombo,Ratmalana Airport,RML,Sri Lanka,LK
Jaffna,Jaffna International Airport,JAF,Sri Lanka,LK
Bandar Seri Begawan,Brunei International Airport,BWN,Brunei,BN
Phnom Penh,Phnom Penh International Airport,PNH,Cambodia,KH
Siem Reap,Siem Reap International Airport,REP,Cambodia,KH
Sihanoukville,Sihanouk International Airport,KOS,Cambodia,KH
Balikpapan,Sultan Aji Muhammad Sulaiman Sepinggan International Airport,BPN,Indonesia,ID
Banda Aceh,Sultan Iskandar Muda International Airport,BTJ,Indonesia,ID
Bandung,Kertajati International Airport,KJT,Indonesia,ID
Batam,Hang Nadim International Airport,BTH,Indonesia,ID
Denpasar,I Gusti Ngurah Rai International Airport,DPS,Indonesia,ID
Jakarta,Halim Perdanakusuma International Airport,HLP,Indonesia,ID
Jakarta,Soekarno–Hatta International Airport,CGK,Indonesia,ID
Jayapura,Dortheys Hiyo Eluay International Airport,DJJ,Indonesia,ID
Labuan Bajo,Komodo International Airport,LBJ,Indonesia,ID
Makassar,Sultan Hasanuddin International Airport,UPG,Indonesia,ID
Manado,Sam Ratulangi International Airport,MDC,Indonesia,ID
Mataram,Zainuddin Abdul Madjid International Airport,LOP,Indonesia,ID
Medan,Kualanamu International Airport,KNO,Indonesia,ID
Padang,Minangkabau International Airport,PDG,Indonesia,ID
Pekanbaru,Sultan Syarif Kasim II International Airport,PKU,Indonesia,ID
Surabaya,Juanda International Airport,SUB,Indonesia,ID
Yogyakarta,Yogyakarta International Airport,YIA,Indonesia,ID
Luang Prabang,Luang Prabang International Airport,LPQ,Laos,LA
Pakse,Pakse International Airport,PKZ,Laos,LA
Savannakhet,Savannakhet Airport,ZVK,Laos,LA
Vientiane,Wattay International Airport,VTE,Laos,LA
Alor Setar,Sultan Abdul Halim Airport,AOR,Malaysia,MY
Ipoh,Sultan Azlan Shah Airport,IPH,Malaysia,MY
Johor Bahru,Senai International Airport,JHB,Malaysia,MY
Kota Bharu,Sultan Ismail Petra Airport,KBR,Malaysia,MY
Kota Kinabalu,Kota Kinabalu International Airport,BKI,Malaysia,MY
Kuala Lumpur,Kuala Lumpur International Airport,KUL,Malaysia,MY
Kuala Lumpur,Sultan Abdul Aziz Shah Airport,SZB,Malaysia,MY
Kuala Terengganu,Sultan Mahmud Airport,TGG,Malaysia,MY
Kuantan,Sultan Haji Ahmad Shah Airport,KUA,Malaysia,MY
Kuching,Kuching International Airport,KCH,Malaysia,MY
Kuah,Langkawi International Airport,LGK,Malaysia,MY
George Town,Penang International Airport,PEN,Malaysia,MY
Labuan,Labuan International Airport,LBU,Malaysia,MY
Lapu-Lapu City,Mactan–Cebu International Airport,CEB,Philippines,PH
Angeles City,Clark International Airport,CRK,Philippines,PH
Davao,Francisco Bangoy International Airport,DVO,Philippines,PH
General Santos,General Santos International Airport,GES,Philippines,PH
Iloilo,Iloilo International Airport,ILO,Philippines,PH
Kalibo (poblacion),Kalibo International Airport,KLO,Philippines,PH
Laoag,Laoag International Airport,LAO,Philippines,PH
Manila,Ninoy Aquino International Airport,MNL,Philippines,PH
Puerto Princesa,Puerto Princesa International Airport,PPS,Philippines,PH
Olongapo,Subic Bay International Airport,SFS,Philippines,PH
Zamboanga,Zamboanga International Airport,ZAM,Philippines,PH
Singapore,Changi Airport,SIN,Singapore,SG
Singapore,Seletar Airport,XSP,Singapore,SG
Bangkok,Suvarnabhumi Airport,BKK,Thailand,TH
Bangkok,Don Mueang International Airport,DMK,Thailand,TH
Chiang Mai,Chiang Mai International Airport,CNX,Thailand,TH
Chiang Rai,Chiang Rai International Airport,CEI,Thailand,TH
Hat Yai,Hat Yai International Airport,HDY,Thailand,TH
Krabi,Krabi International Airport,KBV,Thailand,TH
Phuket,Phuket International Airport,HKT,Thailand,TH
Surat Thani,Surat Thani International Airport,URT,Thailand,TH
Ko Samui,Samui Airport,USM,Thailand,TH
Udon Thani,Udon Thani International Airport,UTH,Thailand,TH
Da Nang,Da Nang International Airport,DAD,Vietnam,VN
Hanoi,Noi Bai International Airport,HAN,Vietnam,VN
Can Tho,Can Tho International Airport,VCA,Vietnam,VN
Haiphong,Cat Bi International Airport,HPH,Vietnam,VN
Hue,Phu Bai International Airport,HUI,Vietnam,VN
Phu Quoc,Phu Quoc International Airport,PQC,Vietnam,VN
Nha Trang,Cam Ranh International Airport,CXR,Vietnam,VN
Kabul,Kabul International Airport,KBL,Afghanistan,AF
Herat,Herat International Airport,HEA,Afghanistan,AF
Kandahar,Kandahar International Airport,KDH,Afghanistan,AF
Mazar-e Sharif,Mazar-i-Sharif International Airport,MZR,Afghanistan,AF
Manama,Bahrain International Airport,BAH,Bahrain,BH
Abadan,Abadan International Airport,ABD,Iran,IR
Ahvaz,Ahvaz International Airport,AWZ,Iran,IR
Arak,Arak International Airport,AJK,Iran,IR
Ardabil,Ardabil Airport,ADU,Iran,IR
Bandar Abbas,Bandar Abbas International Airport,BND,Iran,IR
Birjand,Birjand International Airport,XBJ,Iran,IR
Bushehr,Bushehr Airport,BUZ,Iran,IR
Gorgan,Gorgan International Airport,GBT,Iran,IR
Hamadan,Hamadan International Airport,HDM,Iran,IR
Ilam,Ilam Airport,IIL,Iran,IR
Isfahan,Isfahan International Airport,IFN,Iran,IR
Kerman,Ayatollah Hashemi Rafsanjani Airport,KER,Iran,IR
Kermanshah,Shahid Ashrafi Esfahani Airport,KSH,Iran,IR
Mashhad,Mashhad International Airport,MHD,Iran,IR
Rasht,Rasht Airport,RAS,Iran,IR
Sari,Dasht-e Naz Airport,SRY,Iran,IR
Shiraz,Shiraz International Airport,SYZ,Iran,IR
Tabriz,Tabriz International Airport,TBZ,Iran,IR
Tehran,Imam Khomeini International Airport,IKA,Iran,IR
Tehran,Mehrabad International Airport,THR,Iran,IR
Orumiyeh,Urmia Airport,OMH,Iran,IR
Yazd,Shahid Sadooghi Airport,AZD,Iran,IR
Zahedan,Zahedan Airport,ZAH,Iran,IR
Baghdad,Baghdad International Airport,BGW,Iraq,IQ
Basrah,Basra International Airport,BSR,Iraq,IQ
Erbil,Erbil International Airport,EBL,Iraq,IQ
Mosul,Mosul International Airport,OSM,Iraq,IQ
Nasiriyah,Nasiriyah Airport,XNH,Iraq,IQ
As Sulaymaniyah,Sulaimaniyah International Airport,ISU,Iraq,IQ
Eilat,Ramon Airport,ETM,Israel,IL
Haifa,Haifa Airport,HFA,Israel,IL
Tel Aviv,Ben Gurion Airport,TLV,Israel,IL
Aqaba,King Hussein International Airport,AQJ,Jordan,JO
Amman,Queen Alia International Airport,AMM,Jordan,JO
Kuwait City,Kuwait International Airport,KWI,Kuwait,KW
Beirut,Beirut–Rafic Hariri International Airport,BEY,Lebanon,LB
Muscat,Muscat International Airport,MCT,Oman,OM
Salalah,Salalah International Airport,SLL,Oman,OM
Sohar,Sohar International Airport,OHS,Oman,OM
Doha,Hamad International Airport,DOH,Qatar,QA
Abha,Abha International Airport,AHB,Saudi Arabia,SA
Buraydah,Prince Naif bin Abdulaziz International Airport,ELQ,Saudi Arabia,SA
Dammam,King Fahd International Airport,DMM,Saudi Arabia,SA
Ha'il,Ha'il International Airport,HAS,Saudi Arabia,SA
Jeddah,King Abdulaziz International Airport,JED,Saudi Arabia,SA
Jizan,Jizan Regional Airport,GIZ,Saudi Arabia,SA
Medina,Prince Mohammad bin Abdulaziz International Airport,MED,Saudi Arabia,SA
Najran,Najran Domestic Airport,EAM,Saudi Arabia,SA
Riyadh,King Khalid International Airport,RUH,Saudi Arabia,SA
Tabuk,Tabuk Regional Airport,TUU,Saudi Arabia,SA
Ta'if,Ta'if Regional Airport,TIF,Saudi Arabia,SA
Yanbu,Yanbu Airport,YNB,Saudi Arabia,SA
Aleppo,Aleppo International Airport,ALP,Syria,SY
Damascus,Damascus International Airport,DAM,Syria,SY
Latakia,Bassel Al-Assad International Airport,LTK,Syria,SY
Abu Dhabi,Abu Dhabi International Airport,AUH,United Arab Emirates,AE
Al Ain City,Al Ain International Airport,AAN,United Arab Emirates,AE
Dubai,Al Maktoum International Airport,DWC,United Arab Emirates,AE
Dubai,Dubai International Airport,DXB,United Arab Emirates,AE
Sharjah,Sharjah International Airport,SHJ,United Arab Emirates,AE
Aden,Aden International Airport,ADE,Yemen,YE
Sanaa,Sanaa International Airport,SAH,Yemen,YE
Antwerpen,Antwerp International Airport,ANR,Belgium,BE
Brussels,Brussels Airport,BRU,Belgium,BE
Charleroi,Brussels South Charleroi Airport,CRL,Belgium,BE
Liege,Liège Airport,LGG,Belgium,BE
Ajaccio,Ajaccio Napoleon Bonaparte Airport,AJA,France,FR
Bastia,Poretta Airport,BIA,France,FR
Beauvais,Beauvais–Tillé Airport,BVA,France,FR
Bergerac,Bergerac Dordogne Périgord Airport,EGC,France,FR
Beziers,Béziers Cap d'Agde Airport,BZR,France,FR
Biarritz,Biarritz Pays Basque Airport,BIQ,France,FR
Bordeaux,Bordeaux–Mérignac Airport,BOD,France,FR
Brest,Brest Bretagne Airport,BES,France,FR
Carcassonne,Carcassonne Airport,CCF,France,FR
Chalons-en-Champagne,Châlons Vatry Airport,XCR,France,FR
Chambery,Chambéry Airport,CMF,France,FR
Grenoble,Alpes–Isère Airport,GNB,France,FR
La Rochelle,La Rochelle – Île de Ré Airport,LRH,France,FR
Lille,Lille Airport,LIL,France,FR
Limoges,Limoges – Bellegarde Airport,LIG,France,FR
Lyon,Lyon–Saint-Exupéry Airport,LYS,France,FR
Marseille,Marseille Provence Airport,MRS,France,FR
Mulhouse,EuroAirport Basel Mulhouse Freiburg,BSL,France,FR
Nantes,Nantes Atlantique Airport,NTE,France,FR
Nice,Nice Côte d'Azur Airport,NCE,France,FR
Nimes,Nîmes–Alès–Camargue–Cévennes Airport,FNI,France,FR
Paris,Charles de Gaulle Airport,CDG,France,FR
Paris,Orly Airport,ORY,France,FR
Pau,Pau Pyrénées Airport,PUF,France,FR
Perpignan,Perpignan–Rivesaltes Airport,PGF,France,FR
Poitiers,Poitiers–Biard Airport,PIS,France,FR
Rodez,Rodez–Aveyron Airport,RDZ,France,FR
Saint-Etienne-du-Rouvray,Saint-Étienne–Bouthéon Airport,EBU,France,FR
Strasbourg,Strasbourg Airport,SXB,France,FR
Toulon,Toulon–Hyères Airport,TLN,France,FR
Toulouse,Toulouse–Blagnac Airport,TLS,France,FR
Tours,Tours Val de Loire Airport,TUF,France,FR
Saint Peter Port,Guernsey Airport,GCI,Guernsey,GG
Cork,Cork Airport,ORK,Ireland,IE
Dublin,Dublin Airport,DUB,Ireland,IE
Douglas,Isle of Man Airport,IOM,Isle of Man,IM
Saint Helier,Jersey Airport,JER,Jersey,JE
Graz,Graz Airport,GRZ,Austria,AT
Klagenfurt am Woerthersee,Klagenfurt Airport,KLU,Austria,AT
Innsbruck,Innsbruck Airport,INN,Austria,AT
Linz,Linz Airport,LNZ,Austria,AT
Salzburg,Salzburg Airport,SZG,Austria,AT
Vienna,Vienna International Airport,VIE,Austria,AT
Berlin,Berlin Brandenburg Airport,BER,Germany,DE
Bremen,Bremen Airport,BRE,Germany,DE
Dortmund,Dortmund Airport,DTM,Germany,DE
Duesseldorf,Düsseldorf Airport,DUS,Germany,DE
Frankfurt am Main,Frankfurt Airport,FRA,Germany,DE
Frankfurt am Main,Frankfurt-Hahn Airport,HHN,Germany,DE
Freiburg,EuroAirport Basel–Mulhouse–Freiburg,MLH/BSL/EAP,Germany,DE
Friedrichshafen,Friedrichshafen Airport,FDH,Germany,DE
Hamburg,Hamburg Airport,HAM,Germany,DE
Hannover,Hannover Airport,HAJ,Germany,DE
Leipzig,Leipzig/Halle Airport,LEJ,Germany,DE
Luebeck,Lübeck Airport,LBC,Germany,DE
Memmingen,Memmingen Airport,FMM,Germany,DE
Munich,Munich Airport,MUC,Germany,DE
Nuernberg,Nuremberg Airport,NUE,Germany,DE
Stuttgart,Stuttgart Airport,STR,Germany,DE
Budapest,Budapest Ferenc Liszt International Airport,BUD,Hungary,HU
Debrecen,Debrecen International Airport,DEB,Hungary,HU
Gyor,Győr-Pér International Airport,QGY,Hungary,HU
Pecs,Pécs-Pogány International Airport,QPJ,Hungary,HU
Bydgoszcz,Bydgoszcz Ignacy Jan Paderewski Airport,BZG,Poland,PL
Gdansk,Gdańsk Lech Wałęsa Airport,GDN,Poland,PL
Katowice,Katowice Airport,KTW,Poland,PL
Krakow,Kraków John Paul II International Airport,KRK,Poland,PL
Lublin,Lublin Airport,LUZ,Poland,PL
Lodz,Łódź Władysław Reymont Airport,LCJ,Poland,PL
Olsztyn,Olsztyn-Mazury Airport,SZY,Poland,PL
Poznan,Poznań–Ławica Airport,POZ,Poland,PL
Rzeszow,Rzeszów–Jasionka Airport,RZE,Poland,PL
Szczecin,Solidarity Szczecin–Goleniów Airport,SZZ,Poland,PL
Warsaw,Warsaw Chopin Airport,WAW,Poland,PL
Warsaw,Warsaw Modlin Airport,WMI,Poland,PL
Warsaw,Warsaw Radom Airport,RDO,Poland,PL
Wroclaw,Wrocław Airport,WRO,Poland,PL
Bratislava,Bratislava Airport,BTS,Slovakia,SK
Kosice,Košice International Airport,KSC,Slovakia,SK
Piestany,Piešťany Airport,PZY,Slovakia,SK
Poprad,Poprad-Tatry Airport,TAT,Slovakia,SK
Zilina,Žilina Airport,ILZ,Slovakia,SK
Basel,EuroAirport Basel Mulhouse Freiburg,BSL,Switzerland,CH
Bern,Bern Airport,BRN,Switzerland,CH
Geneve,Geneva Airport,GVA,Switzerland,CH
Lugano,Lugano Airport,LUG,Switzerland,CH
Sankt Gallen,St. Gallen–Altenrhein Airport,ACH,Switzerland,CH
Zurich,Zurich Airport,ZRH,Switzerland,CH
Dubrovnik,Dubrovnik Airport,DBV,Croatia,HR
Osijek,Osijek Airport,OSI,Croatia,HR
Pula,Pula Airport,PUY,Croatia,HR
Rijeka,Rijeka Airport,RJK,Croatia,HR
Split,Split Airport,SPU,Croatia,HR
Zadar,Zadar Airport,ZAD,Croatia,HR
Zagreb,Zagreb Airport,ZAG,Croatia,HR
Larnaca,Larnaca International Airport,LCA,Cyprus,CY
Paphos,Paphos International Airport,PFO,Cyprus,CY
Athens,Athens International Airport,ATH,Greece,GR
Chania,Chania International Airport,CHQ,Greece,GR
Chios,Chios Island National Airport,JKH,Greece,GR
Corfu,Corfu International Airport,CFU,Greece,GR
Irakleion,Heraklion International Airport,HER,Greece,GR
Kalamata,Kalamata International Airport,KLX,Greece,GR
Kavala,Kavala International Airport,KVA,Greece,GR
Kos,Kos International Airport,KGS,Greece,GR
Mytilene,Mytilene International Airport,MJT,Greece,GR
Preveza,Aktion National Airport,PVK,Greece,GR
Rodos,Rhodes International Airport,RHO,Greece,GR
Thessaloniki,Thessaloniki Airport,SKG,Greece,GR
Volos,Nea Anchialos National Airport,VOL,Greece,GR
Alghero,Fertilia Airport,AHO,Italy,IT
Ancona,Ancona Airport,AOI,Italy,IT
Bari,Palese Airport,BRI,Italy,IT
Bergamo,Orio al Serio Airport,BGY,Italy,IT
Bologna,Bologna Airport,BLQ,Italy,IT
Brescia,Brescia Airport,VBS,Italy,IT
Brindisi,Brindisi Airport,BDS,Italy,IT
Cagliari,Cagliari Airport,CAG,Italy,IT
Catania,Fontanarossa Airport,CTA,Italy,IT
Cuneo,Cuneo Levaldigi Airport,CUF,Italy,IT
Florence,Peretola Airport,FLR,Italy,IT
Genoa,Cristoforo Colombo Airport,GOA,Italy,IT
Lamezia Terme,Lamezia Terme Airport,SUF,Italy,IT
Milan,Linate Airport,LIN,Italy,IT
Milan,Milan Malpensa Airport,MXP,Italy,IT
Naples,Naples International Airport,NAP,Italy,IT
Olbia,Costa Smeralda Airport,OLB,Italy,IT
Palermo,Palermo Airport,PMO,Italy,IT
Parma,Giuseppe Verdi Airport,PMF,Italy,IT
Perugia,San Egidio Airport,PEG,Italy,IT
Pescara,Abruzzo Airport,PSR,Italy,IT
Pisa,Galileo Galilei Airport,PSA,Italy,IT
Rimini,Federico Fellini Airport,RMI,Italy,IT
Rome,Leonardo da Vinci–Fiumicino Airport,FCO,Italy,IT
Rome,Rome Ciampino Airport,CIA,Italy,IT
Trapani,Vincenzo Florio Airport,TPS,Italy,IT
Trieste,Friuli Venezia Giulia Airport,TRS,Italy,IT
Turin,Caselle Airport,TRN,Italy,IT
Venice,Venice Marco Polo Airport,VCE,Italy,IT
Verona,Verona Villafranca Airport,VRN,Italy,IT
Valletta,Malta International Airport,MLA,Malta,MT
Beja,Beja Airport,BYJ,Portugal,PT
Faro,Faro Airport,FAO,Portugal,PT
Funchal,Madeira Airport,FNC,Portugal,PT
Lisbon,Lisbon Airport,LIS,Portugal,PT
Porto,Francisco Sá Carneiro Airport,OPO,Portugal,PT
Ponta Delgada,João Paulo II Airport,PDL,Portugal,PT
Ljubljana,Ljubljana Jože Pučnik Airport,LJU,Slovenia,SI
Maribor,Maribor Edvard Rusjan Airport,MBX,Slovenia,SI
A Coruna,A Coruña Airport,LCG,Spain,ES
Alicante,Alicante–Elche Miguel Hernández Airport,ALC,Spain,ES
Almeria,Almería Airport,LEI,Spain,ES
Barcelona,Josep Tarradellas Barcelona–El Prat Airport,BCN,Spain,ES
Bilbao,Bilbao Airport,BIO,Spain,ES
Castello de la Plana,Castellón–Costa Azahar Airport,CDT,Spain,ES
Girona,Girona-Costa Brava Airport,GRO,Spain,ES
Granada,Federico García Lorca Granada Airport,GRX,Spain,ES
Huesca,Huesca-Pirineos Airport,HSK,Spain,ES
Ibiza,Ibiza Airport,IBZ,Spain,ES
Jerez de la Frontera,Jerez Airport,XRY,Spain,ES
Lleida,Alguaire Airport,ILD,Spain,ES
Madrid,Madrid-Barajas Airport,MAD,Spain,ES
Malaga,Málaga Airport,AGP,Spain,ES
Murcia,Región de Murcia International Airport,RMU,Spain,ES
Palma,Palma de Mallorca Airport,PMI,Spain,ES
Pamplona,Pamplona Airport,PNA,Spain,ES
Reus,Reus Airport,REU,Spain,ES
Santander,Santander Airport,SDR,Spain,ES
Santiago de Compostela,Santiago de Compostela Airport,SCQ,Spain,ES
Sevilla,Seville Airport,SVQ,Spain,ES
Santa Cruz de Tenerife,Tenerife North–Ciudad de La Laguna Airport,TFN,Spain,ES
Santa Cruz de Tenerife,Tenerife South Airport,TFS,Spain,ES
Valencia,Valencia Airport,VLC,Spain,ES
Valladolid,Valladolid Airport,VLL,Spain,ES
Vigo,Vigo–Peinador Airport,VGO,Spain,ES
Gasteiz / Vitoria,Vitoria Airport,VIT,Spain,ES
Zaragoza,Zaragoza Airport,ZAZ,Spain,ES
Tirana,Tirana International Airport Nënë Tereza,TIA,Albania,AL
Kukes,Kukës International Airport Zayed,KFZ,Albania,AL
Yerevan,Zvartnots International Airport,EVN,Armenia,AM
Gyumri,Shirak Airport,LWN,Armenia,AM
Baku,Heydar Aliyev International Airport,GYD,Azerbaijan,AZ
Ganja,Ganja International Airport,KVD,Azerbaijan,AZ
Naxcivan,Nakhchivan Airport,NAJ,Azerbaijan,AZ
Lankaran,Lankaran International Airport,LLK,Azerbaijan,AZ
Zaqatala,Zaqatala International Airport,ZTU,Azerbaijan,AZ
Hrodna,Hrodna Airport,GNA,Belarus,BY
Homyel',Gomel Airport,GME,Belarus,BY
Minsk,Minsk International Airport,MSQ,Belarus,BY
Banja Luka,Banja Luka International Airport,BNX,Bosnia and Herzegovina,BA
Sarajevo,Sarajevo International Airport,SJJ,Bosnia and Herzegovina,BA
Tuzla,Tuzla International Airport,TZL,Bosnia and Herzegovina,BA
Mostar,Mostar International Airport,OMO,Bosnia and Herzegovina,BA
Burgas,Burgas Airport,BOJ,Bulgaria,BG
Plovdiv,Plovdiv Airport,PDV,Bulgaria,BG
Sofia,Sofia Airport,SOF,Bulgaria,BG
Varna,Varna Airport,VAR,Bulgaria,BG
Batumi,Batumi International Airport,BUS,Georgia,GE
Kutaisi,Kutaisi International Airport,KUT,Georgia,GE
Sokhumi,Sukhumi Babushara Airport,SUI,Georgia,GE
Tbilisi,Tbilisi International Airport,TBS,Georgia,GE
Pristina,Pristina International Airport,PRN,Kosovo,XK
Chisinau,Chișinău International Airport,KIV,Moldova,MD
Arad,Arad International Airport,ARW,Romania,RO
Bacau,George Enescu International Airport,BCM,Romania,RO
Baia Mare,Maramureș Airport,BAY,Romania,RO
Brasov,Brașov-Ghimbav International Airport,GHV,Romania,RO
Bucharest,Henri Coandă International Airport,OTP,Romania,RO
Bucharest,Aurel Vlaicu International Airport,BBU,Romania,RO
Cluj-Napoca,Cluj-Napoca International Airport,CLJ,Romania,RO
Constanta,Mihail Kogălniceanu International Airport,CND,Romania,RO
Craiova,Craiova International Airport,CRA,Romania,RO
Iasi,Iași International Airport,IAS,Romania,RO
Oradea,Oradea International Airport,OMR,Romania,RO
Satu Mare,Satu Mare International Airport,SUJ,Romania,RO
Sibiu,Sibiu International Airport,SBZ,Romania,RO
Suceava,Suceava International Airport,SCV,Romania,RO
Targu-Mures,Târgu Mureș International Airport,TGM,Romania,RO
Timisoara,Timișoara Traian Vuia International Airport,TSR,Romania,RO
Podgorica,Podgorica Airport,TGD,Montenegro,ME
Ohrid,Ohrid St. Paul the Apostle Airport,OHD,North Macedonia,MK
Skopje,Skopje International Airport,SKP,North Macedonia,MK
Abakan,Abakan International Airport,ABA,Russia,RU
Anadyr,Ugolny Airport,DYR,Russia,RU
Anapa,Anapa Airport,AAQ,Russia,RU
Arkhangel'sk,Talagi Airport,ARH,Russia,RU
Astrakhan,Narimanovo Airport,ASF,Russia,RU
Barnaul,Barnaul Airport,BAX,Russia,RU
Belgorod,Belgorod International Airport,EGO,Russia,RU
Blagoveshchensk,Ignatyevo Airport,BQS,Russia,RU
Bratsk,Bratsk Airport,BTK,Russia,RU
Bryansk,Bryansk International Airport,BZK,Russia,RU
Cheboksary,Cheboksary International Airport,CSY,Russia,RU
Chelyabinsk,Chelyabinsk Airport,CEK,Russia,RU
Cherepovets,Cherepovets Airport,CEE,Russia,RU
Chita,Chita-Kadala International Airport,HTA,Russia,RU
Elista,Elista Airport,ESL,Russia,RU
Irkutsk,Irkutsk Airport,IKT,Russia,RU
Groznyy,Grozny Airport,GRV,Russia,RU
Korolev,Khrabrovo Airport,KGD,Russia,RU
Kazan,Kazan Airport,KZN,Russia,RU
Khabarovsk,Khabarovsk Novy Airport,KHV,Russia,RU
Komsomolsk-on-Amur,Komsomolsk-on-Amur Airport,KXK,Russia,RU
Krasnodar,Pashkovsky Airport,KRR,Russia,RU
Krasnoyarsk,Yemelyanovo International Airport,KJA,Russia,RU
Kursk,Kursk Vostochny Airport,URS,Russia,RU
Magadan,Sokol Airport,GDX,Russia,RU
Magnitogorsk,Magnitogorsk International Airport,MQF,Russia,RU
Makhachkala,Uytash Airport,MCX,Russia,RU
Mineralnye Vody,Mineralnye Vody Airport,MRV,Russia,RU
Moscow,Domodedovo International Airport,DME,Russia,RU
Moscow,Zhukovsky International Airport,ZIA,Russia,RU
Moscow,Sheremetyevo International Airport,SVO,Russia,RU
Moscow,Vnukovo Airport,VKO,Russia,RU
Murmansk,Murmansk Airport,MMK,Russia,RU
Nalchik,Nalchik Airport,NAL,Russia,RU
Nizhnevartovsk,Nizhnevartovsk Airport,NJC,Russia,RU
Nizhnekamsk,Begishevo Airport,NBC,Russia,RU
Nizhniy Novgorod,Strigino Airport,GOJ,Russia,RU
Novokuznetsk,Spichenkovo Airport,NOZ,Russia,RU
Novosibirsk,Tolmachevo Airport,OVB,Russia,RU
Omsk,Omsk Tsentralny Airport,OMS,Russia,RU
Orenburg,Orenburg Tsentralny Airport,REN,Russia,RU
Orsk,Orsk Airport,OSW,Russia,RU
Perm,Perm International Airport,PEE,Russia,RU
Petrozavodsk,Petrozavodsk Airport,PES,Russia,RU
Petropavlovsk-Kamchatsky,Yelizovo Airport,PKC,Russia,RU
Pskov,Pskov Airport,PKV,Russia,RU
Rostov-na-Donu,Platov International Airport,ROV,Russia,RU
Saint Petersburg,Pulkovo Airport,LED,Russia,RU
Samara,Samara Kurumoch Airport,KUF,Russia,RU
Saratov,Saratov Gagarin Airport,GSV,Russia,RU
Sochi,Sochi International Airport,AER,Russia,RU
Stavropol',Stavropol Shpakovskoye Airport,STW,Russia,RU
Surgut,Surgut International Airport,SGC,Russia,RU
Syktyvkar,Syktyvkar Airport,SCW,Russia,RU
Tomsk,Bogashevo Airport,TOF,Russia,RU
Tyumen,Roshchino International Airport,TJM,Russia,RU
Ulan-Ude,Baikal International Airport,UUD,Russia,RU
Ulyanovsk,Ulyanovsk Baratayevka Airport,ULV,Russia,RU
Ufa,Ufa International Airport,UFA,Russia,RU
Vladivostok,Vladivostok International Airport,VVO,Russia,RU
Vladikavkaz,Beslan Airport,OGZ,Russia,RU
Volgograd,Volgograd International Airport,VOG,Russia,RU
Voronezh,Voronezh International Airport,VOZ,Russia,RU
Yakutsk,Yakutsk Airport,YKS,Russia,RU
Yaroslavl,Tunoshna Airport,IAR,Russia,RU
Yekaterinburg,Koltsovo International Airport,SVX,Russia,RU
Yuzhno-Sakhalinsk,Yuzhno-Sakhalinsk Airport,UUS,Russia,RU
Belgrade,Belgrade Nikola Tesla Airport,BEG,Serbia,RS
Nis,Niš Constantine the Great Airport,INI,Serbia,RS
Kraljevo,Morava Airport,KVO,Serbia,RS
Adana,Şakirpaşa Airport,ADA,Turkey,TR
Alanya,Gazipaşa Airport,GZP,Turkey,TR
Ankara,Esenboğa International Airport,ESB,Turkey,TR
Antalya,Antalya Airport,AYT,Turkey,TR
Bodrum,Milas–Bodrum Airport,BJV,Turkey,TR
Bursa,Yenişehir Airport,YEI,Turkey,TR
Dalaman,Dalaman Airport,DLM,Turkey,TR
Denizli,Denizli Çardak Airport,DNZ,Turkey,TR
Diyarbakir,Diyarbakır Airport,DIY,Turkey,TR
Elazig,Elazığ Airport,EZS,Turkey,TR
Gaziantep,Oğuzeli Airport,GZT,Turkey,TR
Istanbul,Istanbul Airport,IST,Turkey,TR
Istanbul,Sabiha Gökçen International Airport,SAW,Turkey,TR
Izmir,Adnan Menderes Airport,ADB,Turkey,TR
Kayseri,Erkilet Airport,ASR,Turkey,TR
Konya,Konya Airport,KYA,Turkey,TR
Kutahya,Zafer Airport,KZR,Turkey,TR
Malatya,Erhaç Airport,MLX,Turkey,TR
Nevsehir,Kapadokya Airport,NAV,Turkey,TR
Samsun,Samsun-Çarşamba Airport,SZF,Turkey,TR
Trabzon,Trabzon Airport,TZX,Turkey,TR
Zonguldak,Zonguldak Airport,ONQ,Turkey,TR
Chernivtsi,Chernivtsi International Airport,CWC,Ukraine,UA
Dnipro,Dnipro International Airport,DNK,Ukraine,UA
Ivano-Frankivsk,Ivano-Frankivsk International Airport,IFO,Ukraine,UA
Kharkiv,Kharkiv International Airport,HRK,Ukraine,UA
Kryvyy Rih,Kryvyi Rih International Airport,KWG,Ukraine,UA
Kyiv,Boryspil International Airport,KBP,Ukraine,UA
Kyiv,Kyiv International Airport,IEV,Ukraine,UA
Lviv,Lviv Danylo Halytskyi International Airport,LWO,Ukraine,UA
Mykolayiv,Mykolaiv International Airport,NLV,Ukraine,UA
Odesa,Odesa International Airport,ODS,Ukraine,UA
Poltava,Poltava Airport,PLV,Ukraine,UA
Simferopol,Simferopol International Airport,SIP,Ukraine,UA
Uzhhorod,Uzhhorod International Airport,UDJ,Ukraine,UA
Zaporizhzhya,Zaporizhzhia International Airport,OZH,Ukraine,UA
Aalborg,Aalborg Airport,AAL,Denmark,DK
Arhus,Aarhus Airport,AAR,Denmark,DK
Copenhagen,Copenhagen Airport,CPH,Denmark,DK
Tallinn,Lennart Meri Tallinn Airport,TLL,Estonia,EE
Tartu,Tartu Airport,TAY,Estonia,EE
Paernu,Pärnu Airport,EPU,Estonia,EE
Helsinki,Helsinki-Vantaa Airport,HEL,Finland,FI
Kuopio,Kuopio Airport,KUO,Finland,FI
Kuusamo,Kuusamo Airport,KAO,Finland,FI
Lappeenranta,Lappeenranta Airport,LPP,Finland,FI
Oulu,Oulu Airport,OUL,Finland,FI
Rovaniemi,Rovaniemi Airport,RVN,Finland,FI
Savonlinna,Savonlinna Airport,SVL,Finland,FI
Tampere,Tampere–Pirkkala Airport,TMP,Finland,FI
Turku,Turku Airport,TKU,Finland,FI
Vaasa,Vaasa Airport,VAA,Finland,FI
Akureyri,Akureyri Airport,AEY,Iceland,IS
Reykjavik,Keflavik International Airport,KEF,Iceland,IS
Reykjavik,Reykjavík Airport,RKV,Iceland,IS
Riga,Riga International Airport,RIX,Latvia,LV
Ventspils,Ventspils International Airport,VNT,Latvia,LV
Kaunas,Kaunas Airport,KUN,Lithuania,LT
Palanga,Palanga International Airport,PLQ,Lithuania,LT
Siauliai,Šiauliai International Airport,SQQ,Lithuania,LT
Vilnius,Vilnius Airport,VNO,Lithuania,LT
Alesund,Ålesund Airport,AES,Norway,NO
Bergen,Bergen Airport,BGO,Norway,NO
Bodo,Bodø Airport,BOO,Norway,NO
Haugesund,Haugesund Airport,HAU,Norway,NO
Kristiansand,"Kristiansand Airport, Kjevik",KRS,Norway,NO
Kristiansund,"Kristiansund Airport, Kvernberget",KSU,Norway,NO
Oslo,"Oslo Airport, Gardermoen",OSL,Norway,NO
Oslo,"Sandefjord Airport, Torp",TRF,Norway,NO
Stavanger,Stavanger Airport,SVG,Norway,NO
Tromso,Tromsø Airport,TOS,Norway,NO
Trondheim,Trondheim Airport,TRD,Norway,NO
Goeteborg,Göteborg Landvetter Airport,GOT,Sweden,SE
Lulea,Luleå Airport,LLA,Sweden,SE
Malmoe,Malmö Airport,MMX,Sweden,SE
Norrkoeping,Norrköping Airport,NRK,Sweden,SE
OEstersund,Åre Östersund Airport,OSD,Sweden,SE
Stockholm,Stockholm Arlanda Airport,ARN,Sweden,SE
Stockholm,Stockholm Bromma Airport,BMA,Sweden,SE
Stockholm,Stockholm Skavsta Airport,NYO,Sweden,SE
Stockholm,Stockholm Västerås Airport,VST,Sweden,SE
Sundsvall,Sundsvall–Timrå Airport,SDL,Sweden,SE
Umea,Umeå Airport,UME,Sweden,SE
Vaexjoe,Växjö Airport,VXO,Sweden,SE
Visby,Visby Airport,VBY,Sweden,SE
